corr_b_beta,corr_b_share,corr_b_s,corr_b_behavior,auc,cliffs_delta,silhouette,variance_ratio,var_beta_star,extreme_isolated
0.822539625872156,0.8889251954456205,0.016268117469559955,0.6308758707113769,0.8450395083406497,0.5539872971065631,0.1283602843425906,0.4674323692926264,0.03376848479088411,True
0.780362526260963,0.8399641624630847,-0.03245521397151263,0.5761165344991583,0.7991659350307287,0.6189131968948482,0.1663939594546626,0.5158372877716719,0.04121165757544568,True
0.7796925769511337,0.8715281937778504,0.15347978534606047,0.661298675137206,0.7750219490781387,0.3168724279835391,0.12068104597207989,0.6101447679760386,0.040503130410995285,True
0.8231137245474999,0.8531612205567594,-0.10225940208560605,0.6351140406655374,0.8579894644424934,0.411522633744856,0.09807335443182023,0.45670393355351985,0.0400833567972302,True
0.8130523508221438,0.8304231101273413,0.1816677212875802,0.5813952523466547,0.861062335381914,0.4891391794046661,0.07098472001172242,0.42166024600862695,0.03913811930669848,True
0.7728208538844316,0.8783909579936725,0.016603740747116052,0.5722787058633612,0.8261633011413521,0.5436720142602496,0.10592648058670119,0.6904360939964073,0.0320621433633528,True
0.7999065265454274,0.833265616528682,0.09856610478017529,0.639460939271293,0.7846795434591747,0.47462277091906724,0.07498715830084916,0.4605881010184476,0.03493744586615212,True
0.8152764274711973,0.8744164878144957,-0.13957910572202653,0.6357614156011211,0.8059701492537313,0.24966622162883845,0.11005905388143461,0.372682277145358,0.03165122883546196,True
0.7967470258401351,0.8939429401738506,0.013464013057611588,0.6262447603428563,0.8107989464442494,0.44036697247706424,0.11132509675761947,0.5690664929931185,0.03558348072921306,True
0.8474069374282646,0.8852639328412502,-0.001497425426000051,0.6858042800961908,0.8450395083406497,0.4719626168224299,0.1107048871483624,0.4614630473239525,0.03888820357850661,True
0.840061090195465,0.8451232489285457,-0.06350152892106614,0.6792114211017893,0.8595258999122037,0.38294010889292196,0.14513365236580075,0.6888703484179887,0.046634732350682585,True
0.7953711789752403,0.8717063263926076,-0.0890505558407622,0.5765211569135047,0.8722563652326603,0.4444444444444444,0.17258010408901503,0.6264591995465133,0.045661551567702505,True
0.796208183314729,0.8296653828476904,-0.1783848675491147,0.7268497271427022,0.8446005267778753,0.45396825396825397,0.1362003646480936,0.5576885188070944,0.04050577668207411,True
0.8458093132763539,0.7969373109555395,-0.08732693147232247,0.711225085489987,0.8145302897278315,0.5157657657657657,0.13134592473839712,0.5593060096976376,0.045736408512170694,True
0.7866876888981382,0.8212059692589709,-0.02624556982890348,0.6338906516677927,0.8184811237928007,0.35253772290809327,0.13845496291336387,0.6295714895881914,0.04114881234963568,True
0.7558043400047387,0.8587537691460536,0.1216807094905648,0.6604333887391877,0.7394644424934153,0.2672672672672673,0.09970848014039915,0.4106115793565712,0.04190572271015869,True
0.8289094737541228,0.8799529091721575,0.016233330712021463,0.6381898859325207,0.8470149253731344,0.5156363636363637,0.14288665589286087,0.5823093140673575,0.04556620000075622,True
0.8200523873696204,0.8485724253531192,0.17856582182305686,0.6269385094418224,0.8259438103599649,0.4192546583850932,0.14423330553103678,0.5034889994503098,0.03747784968032026,True
0.7715057653947498,0.8409315141309227,0.1112724370482382,0.6343913742194516,0.7936786654960493,0.2011263073209976,0.07253022003345866,0.4340057792204281,0.033356493177867354,True
0.799693240706384,0.8533552776935046,-0.20920519944098806,0.6557086558102536,0.8364793678665496,0.44144144144144143,0.10732000518325129,0.6474538613345517,0.03510596726417281,True
0.7878801472600293,0.8156910724484546,-0.003366604076729575,0.6193755388771046,0.8500877963125548,0.5265454545454545,0.14210312747204656,0.6034466000183503,0.035652446256949404,True
0.7921288929542778,0.8285573215540549,0.10820878754911017,0.6301864511151399,0.7675592625109745,0.424,0.08665251836352271,0.3908310386420693,0.03447711466527464,True
0.8065097443350422,0.8282120930375119,0.0175307157368693,0.6129064844005774,0.7350746268656716,0.5141818181818182,0.09669402648496918,0.4016258216691728,0.03614783777748115,True
0.8462086866514442,0.8594138931590937,0.04775697764577425,0.6789648058947501,0.8498683055311677,0.5757575757575758,0.12016830386495995,0.5385363853789746,0.041567468185110264,True
0.8360874256880071,0.8423511391162853,0.08667741185304503,0.5621209355496222,0.8246268656716418,0.4732510288065844,0.08975031570971254,0.48246944814400805,0.03236881484074967,True
0.8045249786602605,0.8500667255835471,-0.03429087300079714,0.6006618656938503,0.8298946444249341,0.28510938602681724,0.1302234849052214,0.4226699790190096,0.0365367000656636,True
0.8113464947644773,0.8225319740385936,0.006723053430284251,0.6694835510398195,0.7706321334503952,0.43781818181818183,0.09264582845786777,0.3922765206762517,0.035904592770028866,True
0.8085250577212668,0.8624035325269283,0.10570848442582914,0.562576227102059,0.8075065847234417,0.5701587301587302,0.13050595946208862,0.5888070155826026,0.03590217785600358,True
0.7856265173670769,0.8279792670133796,-0.12832746069135442,0.6450008253787813,0.8268217734855137,0.3956363636363636,0.1635813935008536,0.5894410536534159,0.0459407655216036,True
0.7936222624729331,0.8486940453452327,0.05040015907121369,0.5936497933283336,0.8331870061457419,0.48694424841213835,0.12445909480661484,0.6546491714543988,0.03448048824256969,True
0.8359116085222076,0.8721027667174874,-0.10648301560934308,0.6247615107966787,0.8474539069359087,0.42156074014481093,0.12427915435846427,0.5115232096756714,0.03227398764902693,True
0.820099154970722,0.8129460007222017,0.02971468048903623,0.6806058647656679,0.8180421422300264,0.2875375375375375,0.10666864837198886,0.5239393377721071,0.04808834997002131,True
0.8244821801096124,0.8674014281332222,0.11879515921187303,0.6658425776215097,0.8290166812993854,0.5353805073431241,0.0882338769036881,0.40095605037187393,0.03261289589858701,True
0.8358613965628688,0.8414830511712033,-0.09777588765744472,0.6547984866752549,0.8549165935030729,0.424,0.10487971807152935,0.5009166501213899,0.04470432712426869,True
0.8361419557894574,0.8288127709075367,0.07906745610658658,0.6867971600204096,0.8665496049165935,0.4264007597340931,0.11802914064802399,0.8786743125091238,0.04884577630901551,True
0.8550757542031332,0.8595217426696339,0.12967742455572645,0.6866381893144771,0.9053994732221247,0.5093457943925234,0.10478585638457376,0.46389152578367326,0.03906927037088198,True
0.8077586435421149,0.8332505960289469,-0.07424678817771936,0.6782052017363385,0.8077260755048288,0.45747599451303156,0.0977587878202081,0.49037048384582216,0.03347566871289414,True
0.8124131321415238,0.8671530285114442,-0.011420383473058912,0.6493202039619347,0.8287971905179983,0.5735735735735735,0.09962587168993142,0.35246590026722247,0.036729398181931786,True
0.8213616949035963,0.8386497198827118,0.09781026791039617,0.711024984303847,0.8533801580333626,0.4683622828784119,0.12828604568772994,0.5431544193850754,0.03959641907785684,True
0.8034699060963685,0.8663360008982217,0.06033011879301885,0.6291272111722461,0.8443810359964882,0.6501501501501501,0.15327689494568558,0.6223722383184095,0.038904070343158445,True
0.8208963523074301,0.8247990174087755,0.15366081355243505,0.6200396194924191,0.8573309920983319,0.42156074014481093,0.1003475074735158,0.43800432702324277,0.032522871435322155,True
0.8224010313077983,0.8145613865839363,0.20835110275112026,0.6450662195103495,0.8981562774363476,0.5589849108367627,0.16438223785817388,0.48225820729454916,0.04023823956037371,True
0.8017725310662099,0.8440450546264258,0.018694558182513768,0.5290063170078344,0.8167251975417034,0.4389555398729711,0.09999335232777924,0.5016467126010536,0.03200365665894263,True
0.8222567078818217,0.8660773430439371,-0.0603465781509485,0.597242614391671,0.8002633889376647,0.36556104446012705,0.1209510017516268,0.5266501039127228,0.041117245196683756,True
0.8224137381993356,0.8562544768066062,-0.03697442882400297,0.5872956393323646,0.809043020193152,0.404344193817878,0.17507588236814284,0.7610266604803531,0.035496694202854825,True
0.8722648736029199,0.866359150842451,-0.004624437397322046,0.7159538392385946,0.8810359964881475,0.4144144144144144,0.1138927603872159,0.3647971241870004,0.0375951589643068,True
0.8094543905597212,0.8610603349777984,-0.0700611378066295,0.6275687385648349,0.7925812115891133,0.44819819819819817,0.14658781251993083,0.4804946067194291,0.04110103495282991,True
0.8142550983974605,0.8632557494070875,0.04847722354673189,0.667467572966234,0.8266022827041264,0.4624624624624625,0.13406416428995002,0.5156337475854494,0.03986053137258195,True
0.8242747104875378,0.8373454121480254,0.029284882840386637,0.6429564253290672,0.8595258999122037,0.49588477366255146,0.11231820137162073,0.5254240312143411,0.03214822133470512,True
0.8407805227879012,0.8574443893364708,-0.05197287917824998,0.6669537690950091,0.8228709394205445,0.20495495495495494,0.14858104635725905,0.6199880776580741,0.041129805827794505,True
0.818260654724702,0.8738304197473197,-0.06870118425349275,0.6246851396176974,0.8303336259877085,0.5555555555555556,0.12885849389161225,0.46163116448525504,0.0381064090582914,True
0.7853877627376269,0.8400956134921718,-0.027605714081331324,0.5718205569324922,0.843064091308165,0.40654205607476634,0.13279082780849596,0.7000049210632746,0.03398291104147862,True
0.8308466846428423,0.8534048945588376,0.026547262900042282,0.6494391536872148,0.854038630377524,0.39039039039039036,0.08674123179441912,0.44456500408346655,0.03462903145609993,True
0.8180692208977459,0.854141589711388,0.07318959739502512,0.6718834171306373,0.8555750658472344,0.37012012012012013,0.1284359832691055,0.6253398856801394,0.047573042064212465,True
0.8452730811535655,0.8789195991858627,0.04433172249556514,0.7171222503295295,0.8663301141352063,0.5825825825825826,0.12093147219019235,0.5346574968509539,0.046915040388547644,True
0.7219453534145768,0.8101595810462935,0.03806059294365996,0.5172619865598767,0.7172958735733099,0.36556104446012705,0.07863475366457148,0.4808710671100228,0.031208504786317297,True
0.8418521122872525,0.8328677661965231,-0.08447821078749837,0.6095239497236717,0.8413081650570676,0.3486238532110092,0.1608897084151773,0.6768894566866882,0.036159500525339804,True
0.8311942631574394,0.8780016471361879,-0.1271603496960977,0.6146275561903305,0.8542581211589113,0.5935074100211715,0.20456343437481211,0.7033540150048728,0.03569255476379007,True
0.7766169859556866,0.8509078964896156,-0.010022861669201152,0.6047073528499284,0.7892888498683055,0.43724966622162886,0.08854824332645808,0.5444250560510548,0.0318735354224934,True
0.8106478666830843,0.8430928111088914,-0.09563454359304863,0.6294425694416956,0.8314310798946444,0.38820301783264743,0.13587097850849944,0.5306853034619134,0.036180607512362996,True
0.7305206033605276,0.8235614485091227,-0.042250847882689666,0.5690315820492332,0.7996049165935031,0.29218106995884774,0.07126054311852216,0.5300690765206504,0.037354929382766994,True
0.840236849182871,0.8015226805815325,0.04528366825355677,0.6179769212418018,0.8268217734855136,0.45890909090909093,0.13601516040427997,0.4888013240505056,0.03816717380715552,True
0.8021839133044728,0.8706859547434019,0.024139346251209684,0.700044488027937,0.7875329236172081,0.3980239943542696,0.0991919040330004,0.5871632902237365,0.041229911279152,True
0.8466990961471471,0.8777664531771364,-0.04117682565417192,0.6516705988282823,0.8669885864793679,0.5695897023330652,0.16264403995949187,0.5466015725450581,0.03427540133848361,True
0.7725165897781735,0.8283188686244658,0.02631104923854587,0.6037049661819807,0.7947761194029851,0.38836363636363636,0.09860816498578838,0.4603709291872287,0.039051802015817705,True
0.7955243951253109,0.8227911223391626,-0.1170368766130517,0.6159232511790207,0.8004828797190517,0.37585733882030176,0.09417740809568731,0.4680204259305835,0.03231074069325155,True
0.7756674975636417,0.8074814308018071,-0.03919249595802113,0.6860774634981898,0.8088235294117647,0.5165165165165165,0.15349783610952555,0.43534675208479184,0.03572096066496797,True
0.8371527173809991,0.8495604720007949,-0.009903667289726241,0.7395377427408213,0.8685250219490781,0.5193650793650794,0.10698084872830162,0.5119514769423505,0.043354166523923494,True
0.8338856532582797,0.8563740776831753,-0.04667407818448538,0.6271294877364519,0.8735733099209834,0.5342935528120714,0.10565099303849468,0.48667813472673255,0.038987199122661076,True
0.8068084124552495,0.8115190970837622,0.07172891789528563,0.6807817261660012,0.8266022827041265,0.6132674664784756,0.12714461192437868,0.6048124630485616,0.03703159445242046,True
0.8170725601637185,0.816051106533201,0.07212289034803689,0.6341971344810984,0.7949956101843723,0.507410021171489,0.11007583333989772,0.42457193802490634,0.038980649786815126,True
0.8160379237388912,0.8911266523730491,0.028168527907496316,0.6827967337604973,0.8377963125548727,0.3733239237826394,0.1804348147753786,0.47611630580719133,0.03799717285190296,True
0.8212436968869035,0.868174175710135,0.2262599105891069,0.6663196282234719,0.8557945566286216,0.5507544581618655,0.11240617014997525,0.5289652568921634,0.04142957018973923,True
0.8062486090670482,0.8634667292110755,0.05551081337195062,0.710083080914702,0.8167251975417034,0.2635135135135135,0.16046610549279222,0.6025030747529988,0.05405238398659121,True
0.845903574188865,0.869544502616907,0.09760564834151995,0.7103231373420641,0.8599648814749781,0.43636363636363634,0.11629455078554811,0.5203595613734731,0.035343404492554985,True
0.8281920884951199,0.8397053245624994,-0.0037302471382198187,0.6497473135643694,0.8325285338015803,0.4145527369826435,0.14332455255925755,0.42449640947213485,0.03907754138564808,True
0.8585812399829492,0.8986364410402241,0.012198945252037439,0.655573736810697,0.8364793678665496,0.6006006006006006,0.115443858580612,0.43542045138590973,0.035992898026306765,True
0.8001817334051913,0.8287695730510983,0.10889946453641183,0.6105419419187127,0.815188762071993,0.41309090909090906,0.10090787566992347,0.44342055841105127,0.03242931207792293,True
0.7977971388772235,0.8421688416469608,-0.18041407187441075,0.6517338827150038,0.8233099209833188,0.265015015015015,0.1385742840452937,0.5052611180465674,0.040265325579136,True
0.8363553556201124,0.8540630594560118,-0.015598978087089035,0.6857443753483602,0.828577699736611,0.42267267267267267,0.13875457242801315,0.5029826436666621,0.04738562927425067,True
0.8350295170676343,0.8742240809379127,0.03083738239319117,0.6551425381960904,0.8336259877085163,0.47304907481898634,0.11778315525570716,0.4565500547705749,0.04249197491015179,True
0.790757875145196,0.8715820805712443,0.08314805712161347,0.6215428186637678,0.8753292361720808,0.37168141592920356,0.07661050763605814,0.5743858999903806,0.028581197371913187,True
0.808360576449204,0.8559813854097668,-0.05538257699518012,0.6154337752329385,0.851404741000878,0.597918022121015,0.08131304304062338,0.43977956594580075,0.04127189456382612,True
0.8222106695824097,0.8326178415741933,0.13746392412484143,0.7057388189245346,0.8652326602282705,0.4787379972565158,0.11786925104914302,0.5281558391155049,0.034880177315945005,True
0.7768038718184759,0.8395565500358456,-0.07441261246414671,0.5879742175623732,0.8066286215978928,0.4347212420606916,0.1640383409671247,0.4943547015489143,0.039478855502944034,True
0.808648374902965,0.8498182381267193,-0.055477093729763415,0.7034506663713488,0.83099209833187,0.45962732919254656,0.07034656931744321,0.5140795276920722,0.03015181135925592,True
0.8465106889615359,0.8612120809036593,0.04076600274355272,0.5853268217347424,0.8825724319578578,0.573968253968254,0.10704034079174017,0.4125515370104994,0.03508696653617971,True
0.8007389072115051,0.8480866529176848,-0.02084683944033781,0.643459876329532,0.8426251097453906,0.4521795705920625,0.06933890719461216,0.28508528382758674,0.03162270751324077,True
0.8374115821697429,0.85622088383163,-0.08504169358279344,0.7037145638595325,0.867208077260755,0.46836363636363637,0.1238850795985883,0.5148089777362832,0.0355916989890567,True
0.7961854823150776,0.8615223317127456,0.1758781714498719,0.6331918863827645,0.8456979806848113,0.2858151023288638,0.1299806043506136,0.6104920472098213,0.0410763752452387,True
0.8665553652513133,0.8184250029910374,0.0009218620476708407,0.6419557120778258,0.8632572431957859,0.48672566371681414,0.11373809162744651,0.4925787150351097,0.0305965040870994,True
0.8037598847404903,0.8553423807439687,0.17963906714307262,0.6099053500978142,0.8230904302019315,0.5561044460127029,0.07844375112129609,0.4704145073983753,0.03664379269817138,True
0.7675614074065716,0.8293642297317507,0.11068187877307512,0.5880126240012032,0.80684811237928,0.5418689320388349,0.08619080036395535,0.6557586879033304,0.0351782306756211,True
0.8276780807539703,0.8716995436543216,0.057612301472332296,0.6855990818318327,0.8494293239683933,0.4739652870493992,0.09818778219346334,0.48087001988798134,0.036835672395825865,True
0.8586822125144877,0.8591623743819187,-0.009889215383841573,0.7116093587189047,0.9080333625987709,0.5838509316770186,0.11398600075000971,0.5079018462698931,0.03610885885144514,True
0.7622372302599141,0.8235068510578888,-0.20272132123348677,0.5928350852182749,0.8237489025460931,0.5448129851799577,0.09963950224954664,0.5003062991778467,0.037318285971772475,True
0.8552226924052138,0.8620993455927373,0.1740403214934525,0.6622464790340259,0.8474539069359087,0.4835390946502058,0.09277804954571461,0.5965120097687806,0.04258822244235707,True
0.8185162381113291,0.7604998949488645,-0.019176957846756888,0.6528315257329191,0.852721685689201,0.41309090909090906,0.09340842681388635,0.3848993376353913,0.04851440956725345,True
0.8311649202557548,0.8626621435440383,-0.010199933933975606,0.5749166688573005,0.8165057067603161,0.4021818181818182,0.07981491162082184,0.4559176862778723,0.033438914966773904,True
0.8108592616208957,0.8376816885018353,-0.019366022214292317,0.7039838787359644,0.8123353819139596,0.39586114819759677,0.06657867917064011,0.423650662606547,0.03234218326202625,True
